<?xml version='1.0' encoding='UTF-8'?>
<project>
  <actions/>
  <description></description>
  <keepDependencies>false</keepDependencies>
  <properties/>
  <scm class="hudson.scm.NullSCM"/>
  <canRoam>true</canRoam>
  <disabled>false</disabled>
  <blockBuildWhenDownstreamBuilding>false</blockBuildWhenDownstreamBuilding>
  <blockBuildWhenUpstreamBuilding>false</blockBuildWhenUpstreamBuilding>
  <triggers/>
  <concurrentBuild>false</concurrentBuild>
  <builders>
    <hudson.tasks.Shell>
      <command>#!/bin/bash
env
echo -e "\e[1;31;42m Using docker to demo is awful, v5 \e[0m"
echo see more in http://misc.flogisoft.com/bash/tip_colors_and_formatting
</command>
    </hudson.tasks.Shell>
  </builders>
  <publishers/>
  <buildWrappers>
    <hudson.plugins.ansicolor.AnsiColorBuildWrapper plugin="ansicolor@0.4.0">
       <colorMapName>xterm</colorMapName>
    </hudson.plugins.ansicolor.AnsiColorBuildWrapper>
  </buildWrappers>
</project>